date,ensemble_2023,ensemble_2024,state
2024-10-06,16.448599710078522,188.54187490286506,AL
2024-10-13,17.578994934095466,193.2415068332483,AL
2024-10-20,17.43419478708141,183.91383473850607,AL
2024-10-27,16.130806076954332,183.02772141912806,AL
2024-11-03,12.337242697636565,205.66306816504454,AL
2024-11-10,17.447894627864216,204.32254257736133,AL
2024-11-17,18.16650591709227,172.7297658431147,AL
2024-11-24,14.671430253669966,160.674549506123,AL
2024-12-01,12.729813340558607,152.33013831385654,AL
2024-12-08,8.37090283928992,148.88390272188303,AL
2024-12-15,12.749759331021098,119.30314785392126,AL
2024-12-22,11.082140081074042,114.74838843312938,AL
2024-12-29,5.362510649328064,281.54285638520156,AL
2025-01-05,1.4444600559377085,322.6290546266996,AL
2025-01-12,-0.2673016933984311,341.9873805151554,AL
2025-01-19,0.3884080552804828,357.72036586664734,AL
2025-01-26,-2.4930931813989274,397.00091975474896,AL
2025-02-02,-1.0658165412871405,449.0671398847713,AL
2025-02-09,-7.618395033972463,512.2905221213749,AL
2025-02-16,-7.705777031491074,586.9206570545604,AL
2025-02-23,-12.348440840800542,697.9736137880504,AL
2025-03-02,-13.422035541147576,804.4365372992831,AL
2025-03-09,-12.912315975075533,848.509725222619,AL
2025-03-16,-16.45030044230854,976.7977222066546,AL
2025-03-23,-19.5905495755174,1009.9138173569013,AL
2025-03-30,-12.915154063993663,1090.8661122463363,AL
2025-04-06,-10.406264913169677,1137.2007880299345,AL
2025-04-13,-7.974574056321954,1179.1279384417094,AL
2025-04-20,-6.347414171244354,1224.7225646976747,AL
2025-04-27,-9.13723900119867,1384.9674118792377,AL
2025-05-04,-13.07052355604994,1479.789009683257,AL
2025-05-11,-16.200999771933475,1523.2200018411745,AL
2025-05-18,-9.496992215798015,1439.8103875773988,AL
2025-05-25,-2.2690807153868437,1390.5083513819714,AL
2025-06-01,-5.020188338889971,1389.1500628994174,AL
2025-06-08,-2.518298174323769,1342.673328642849,AL
2025-06-15,5.723979119286994,1224.1159801007839,AL
2025-06-22,5.12160751005234,1142.7040997205552,AL
2025-06-29,14.392066157948582,1101.316290289921,AL
2025-07-06,6.964870061757221,1066.1916484929131,AL
2025-07-13,12.36969730923017,975.2049452800654,AL
2025-07-20,10.358669550688527,893.9745448314743,AL
2025-07-27,7.42072156958834,830.3482009629316,AL
2025-08-03,8.931332924059125,763.0561851232728,AL
2025-08-10,9.408432640664191,712.9387369535482,AL
2025-08-17,13.281432580894279,611.9997055476667,AL
2025-08-24,7.358523607906656,580.7745811974805,AL
2025-08-31,10.25452999178073,533.2112465798937,AL
2025-09-07,9.76191031936028,471.3619157108627,AL
2025-09-14,6.053343144010772,479.962553934196,AL
2025-09-21,9.465515523248031,441.8587040232613,AL
2025-09-28,9.365479068679717,391.0828408998546,AL
2024-10-06,878.8127469287217,4384.493693119229,BA
2024-10-13,902.3643392695265,4494.896743565125,BA
2024-10-20,848.5267656315109,4254.1873767018715,BA
2024-10-27,869.9370267970285,4343.24773241338,BA
2024-11-03,936.1334021262896,4635.103339825966,BA
2024-11-10,966.2233716871525,4794.107445153665,BA
2024-11-17,1059.7471063229632,5250.082246259272,BA
2024-11-24,1159.317523989217,5684.802228823521,BA
2024-12-01,1231.2077208028313,6034.307234785314,BA
2024-12-08,1158.9591737369312,5679.8140399282875,BA
2024-12-15,1021.3804559160424,5057.728925368978,BA
2024-12-22,1041.779654185991,5198.699320698521,BA
2024-12-29,1233.807533501977,6862.778740952879,BA
2025-01-05,1517.7196261291015,8510.582498030417,BA
2025-01-12,1715.7200484493314,9684.717385233136,BA
2025-01-19,2062.8134972570424,11598.77149111103,BA
2025-01-26,2576.337773838787,14375.733500002321,BA
2025-02-02,3126.547946452153,17494.085758963753,BA
2025-02-09,3902.545162560956,21653.938911541154,BA
2025-02-16,4858.698993533364,26823.182384852687,BA
2025-02-23,5639.875818460962,31040.23916851857,BA
2025-03-02,6169.18800092301,33935.41574146973,BA
2025-03-09,6596.780340865531,36306.323544775856,BA
2025-03-16,6729.195624796604,36975.347732559676,BA
2025-03-23,6269.556334250704,34713.76207350073,BA
2025-03-30,6825.1392984180075,37585.15567146191,BA
2025-04-06,6605.740074930996,36600.79221396304,BA
2025-04-13,6227.348087922395,34686.49024703226,BA
2025-04-20,5737.830592796362,32174.241729928443,BA
2025-04-27,5554.741917150727,31055.463750775405,BA
2025-05-04,5303.357412026262,29783.733478210375,BA
2025-05-11,4690.25697015133,26573.18744082451,BA
2025-05-18,3967.4784646090147,22700.433068018956,BA
2025-05-25,3343.64414977799,19271.133363098288,BA
2025-06-01,3834.748171885426,21449.02274241736,BA
2025-06-08,3179.0846889467834,17804.557962451752,BA
2025-06-15,2519.8508649254863,14224.393340636716,BA
2025-06-22,2303.1467408191,12896.096049532502,BA
2025-06-29,2340.171256668202,12946.849540143605,BA
2025-07-06,2216.534449580301,12234.48915017457,BA
2025-07-13,1935.6390057737203,10700.272025847858,BA
2025-07-20,1632.6565309818914,9045.456642451005,BA
2025-07-27,1500.6094121702629,8273.654200687659,BA
2025-08-03,1312.8830066040482,7158.969953842667,BA
2025-08-10,1148.232500359767,6280.713114984641,BA
2025-08-17,1025.2360849370264,5615.602330875938,BA
2025-08-24,965.2289743494736,5284.833583983524,BA
2025-08-31,910.1760117946521,4953.921040642593,BA
2025-09-07,865.9515382257389,4722.400174272264,BA
2025-09-14,828.1989390027743,4526.829570543984,BA
2025-09-21,789.1981948375894,4333.739592734215,BA
2025-09-28,764.6501505542975,4171.072698406045,BA
2024-10-06,56.25493021415614,96.20218099059869,MA
2024-10-13,56.04424868042758,94.17425342473607,MA
2024-10-20,52.92783966987281,87.17480944657605,MA
2024-10-27,57.97040820009718,93.52143110098227,MA
2024-11-03,52.79353053112259,90.94046768071763,MA
2024-11-10,56.433173182651096,97.28099170345888,MA
2024-11-17,57.75854293951637,101.30964751131404,MA
2024-11-24,58.81557740305011,104.24608821081364,MA
2024-12-01,60.09117704499944,112.00663158205931,MA
2024-12-08,56.17993118137629,108.08795084792763,MA
2024-12-15,55.34691278572228,100.54185579627149,MA
2024-12-22,66.18250138976367,111.3552346594959,MA
2024-12-29,92.08667597552821,145.7361623609996,MA
2025-01-05,133.33137287369604,225.145108368778,MA
2025-01-12,171.64483915098663,308.78096892822214,MA
2025-01-19,198.34913204654998,360.8059011389737,MA
2025-01-26,232.56065738288117,423.88534264921566,MA
2025-02-02,271.66936362671385,489.3078687211081,MA
2025-02-09,323.60823140559984,606.0126561345066,MA
2025-02-16,355.82605090432355,672.4078217552084,MA
2025-02-23,420.2271888614347,756.0079504364754,MA
2025-03-02,408.63150949109945,781.5968873609621,MA
2025-03-09,411.28418358319755,787.0021415897944,MA
2025-03-16,395.2342424811126,765.0073863423145,MA
2025-03-23,378.76312685257244,728.7242919211361,MA
2025-03-30,383.6606572062816,727.2953311932941,MA
2025-04-06,371.02850870003493,685.3935497618029,MA
2025-04-13,374.68758184303323,684.1133371038178,MA
2025-04-20,347.22876987466805,667.1510479852931,MA
2025-04-27,308.6910883064952,588.2364113552355,MA
2025-05-04,263.2256432108836,499.92696589927925,MA
2025-05-11,241.41323714041053,447.9991879294653,MA
2025-05-18,206.47204257921447,400.41545150219986,MA
2025-05-25,180.07951730563838,343.4503927815,MA
2025-06-01,162.77609647276597,315.02672874658197,MA
2025-06-08,140.8956999275094,281.4993971014808,MA
2025-06-15,122.23869232189548,246.37586471740946,MA
2025-06-22,104.51725169769176,213.1418762910514,MA
2025-06-29,101.32523988587246,197.19655667453216,MA
2025-07-06,95.87209084345078,185.61228705135622,MA
2025-07-13,87.62781447197199,174.42087831263248,MA
2025-07-20,79.37140039958437,156.25676510879302,MA
2025-07-27,84.19651447255187,157.43456793792527,MA
2025-08-03,82.41790926654276,157.0275405053741,MA
2025-08-10,78.6902505546785,157.8371138088575,MA
2025-08-17,72.31572367745193,145.0761625862534,MA
2025-08-24,57.13593471014212,124.03933218643702,MA
2025-08-31,55.87880400856021,109.87545817749775,MA
2025-09-07,48.85293990928164,96.80458798119238,MA
2025-09-14,45.08204167600625,89.53185899985118,MA
2025-09-21,36.89991035702191,75.46222929445568,MA
2025-09-28,38.556499817628044,70.73759139959573,MA
2024-10-06,45.85025427983589,102.605577505788,PB
2024-10-13,43.13131848067083,99.14228874438545,PB
2024-10-20,37.550866016323724,84.30861880924569,PB
2024-10-27,35.54268922704002,82.8016768465136,PB
2024-11-03,39.40822745384685,91.29626652561417,PB
2024-11-10,32.9957686390848,74.94360717370608,PB
2024-11-17,34.83066216772209,81.45849942250953,PB
2024-11-24,32.9379031534108,78.23553194627169,PB
2024-12-01,34.12382337097792,79.20696106482225,PB
2024-12-08,35.14284404938854,82.27466599980377,PB
2024-12-15,33.85396948899941,75.93002602398494,PB
2024-12-22,38.473606455351195,84.65062978859535,PB
2024-12-29,40.88115156289718,91.94179160881615,PB
2025-01-05,44.60394455551554,98.44659764100199,PB
2025-01-12,50.201957479278136,110.1155312050131,PB
2025-01-19,56.73982408447938,128.9959198526635,PB
2025-01-26,65.48415406852062,148.98679941103495,PB
2025-02-02,74.81103978152028,176.573032381896,PB
2025-02-09,88.66688832183154,203.71853137457208,PB
2025-02-16,98.15174131171624,234.95748329359023,PB
2025-02-23,115.01676467777948,279.5063895311027,PB
2025-03-02,128.66413060288278,314.1546663050192,PB
2025-03-09,136.51686870347763,332.6004945032902,PB
2025-03-16,141.77973388271664,339.22117826683814,PB
2025-03-23,144.00161993871845,338.8768106039901,PB
2025-03-30,158.86708972764487,385.17098252194444,PB
2025-04-06,163.63921013454333,390.5456957994538,PB
2025-04-13,168.63269303404263,407.43559817804373,PB
2025-04-20,167.50313840892997,417.433919061684,PB
2025-04-27,183.6406827244375,446.9217596236845,PB
2025-05-04,195.0509044608184,479.35060730722194,PB
2025-05-11,203.26544928777847,498.92514405909475,PB
2025-05-18,192.16240881811106,474.64144171655096,PB
2025-05-25,184.46781837951187,460.1732143930604,PB
2025-06-01,177.60327300233575,440.7720960922727,PB
2025-06-08,157.0698304375185,368.24849055005035,PB
2025-06-15,147.66191048334943,356.72090931707413,PB
2025-06-22,138.6131879873628,313.80907446779275,PB
2025-06-29,142.19966254208632,357.1662598368999,PB
2025-07-06,132.44634257644907,349.8002045658215,PB
2025-07-13,122.98565333651264,310.04448281353433,PB
2025-07-20,108.46179264428714,272.41970182375087,PB
2025-07-27,103.7559887076406,259.6907928349996,PB
2025-08-03,93.8365353780393,218.75272899521954,PB
2025-08-10,91.43592453869046,227.97917978373692,PB
2025-08-17,76.64449010210895,174.98135877130883,PB
2025-08-24,71.71549704290412,161.4608064179759,PB
2025-08-31,63.87590562554615,141.50810260175967,PB
2025-09-07,65.26283567361244,155.8748827144485,PB
2025-09-14,57.30045935002853,128.7910913508281,PB
2025-09-21,60.66722406319269,141.35982908331258,PB
2025-09-28,46.792843592464585,102.0811861942515,PB
2024-10-06,118.6597267672519,447.01893835778753,PE
2024-10-13,116.16446957233806,454.6937208999767,PE
2024-10-20,120.39873618969568,470.96412016379236,PE
2024-10-27,128.50606237829257,525.0526582718109,PE
2024-11-03,144.38935465317243,585.7128603098552,PE
2024-11-10,148.2617891396193,622.0866051282042,PE
2024-11-17,150.72893874231156,624.8077629980957,PE
2024-11-24,140.38689260037262,623.1402313575378,PE
2024-12-01,152.67239186451144,688.1152106586114,PE
2024-12-08,151.9730947929888,642.8876284216335,PE
2024-12-15,141.13468110518158,573.2345110813208,PE
2024-12-22,127.15374958793377,508.94122558100435,PE
2024-12-29,63.27495284929505,696.1202490575638,PE
2025-01-05,127.34348628913948,839.2469071632925,PE
2025-01-12,126.31328419026939,879.7403223102073,PE
2025-01-19,134.04005606884252,935.4549229546466,PE
2025-01-26,136.26220270127024,1022.0975672915744,PE
2025-02-02,157.90752171767994,1150.575140697306,PE
2025-02-09,185.16278197007645,1254.6423016710385,PE
2025-02-16,173.33051653886108,1314.754971109215,PE
2025-02-23,189.37101943801443,1397.4560642150416,PE
2025-03-02,192.2691655867154,1447.6724984860257,PE
2025-03-09,210.22539134638149,1546.1132479981811,PE
2025-03-16,234.6943691342091,1597.6893270594665,PE
2025-03-23,275.27957382002734,1552.5428611013042,PE
2025-03-30,250.95366471124103,1656.618839831181,PE
2025-04-06,297.3274718096572,1730.3969743794628,PE
2025-04-13,305.38942861406287,1808.0506271516197,PE
2025-04-20,321.2290008218181,1833.385087077554,PE
2025-04-27,341.52502228260335,1917.737011160803,PE
2025-05-04,349.2788691202365,1904.3701480668308,PE
2025-05-11,363.13307751895,1919.6329433126873,PE
2025-05-18,352.46920795096077,1777.2141214994422,PE
2025-05-25,325.9067348324387,1655.7849504918995,PE
2025-06-01,267.27750912009543,1494.5726195424486,PE
2025-06-08,269.35996101358904,1337.5302201079712,PE
2025-06-15,247.61192237005176,1172.5398852417427,PE
2025-06-22,199.37792467207842,1086.1202089666285,PE
2025-06-29,185.71082303678506,1025.4279851014953,PE
2025-07-06,188.82258449569184,956.2210854609189,PE
2025-07-13,174.8151594930331,891.7191355142876,PE
2025-07-20,153.535344391876,766.6304616730658,PE
2025-07-27,139.08902305188556,737.7558742740816,PE
2025-08-03,121.3147271599786,677.2672388179828,PE
2025-08-10,127.76691212166932,654.0214080322098,PE
2025-08-17,113.96511617422388,616.0379669645906,PE
2025-08-24,117.16551717189284,587.747739365547,PE
2025-08-31,107.32114877380005,558.940061819462,PE
2025-09-07,110.09747666766242,534.1661405746173,PE
2025-09-14,109.79692592902026,506.3300792303256,PE
2025-09-21,98.67814643563513,492.29059202104617,PE
2025-09-28,89.58753684035236,473.0989208867011,PE
2024-10-06,4.598904031763021,76.67174419163513,PI
2024-10-13,5.3727123831264585,71.65687897334914,PI
2024-10-20,4.548640457039762,67.5365243591124,PI
2024-10-27,5.434795948419282,69.11153036252541,PI
2024-11-03,7.9466971527629395,68.74042075644819,PI
2024-11-10,9.532728091129485,73.77035244583955,PI
2024-11-17,10.447679110579479,76.57173319752253,PI
2024-11-24,9.552106977025147,79.01937876575342,PI
2024-12-01,9.537135888028562,81.20723025428813,PI
2024-12-08,8.580297907121977,79.29573420719495,PI
2024-12-15,9.353461720486326,79.67743511645521,PI
2024-12-22,6.928620476664446,79.43023672965917,PI
2024-12-29,24.41341378286833,126.9260775504826,PI
2025-01-05,32.27415597271888,172.40609885969295,PI
2025-01-12,31.950555394108324,195.8121884160865,PI
2025-01-19,38.16543187081897,229.93991974180148,PI
2025-01-26,48.447761733822496,285.903193476953,PI
2025-02-02,54.36245314768266,328.25862709555685,PI
2025-02-09,56.85203851430539,372.5556077683394,PI
2025-02-16,61.871704804840334,425.84408883897163,PI
2025-02-23,65.0164797159053,483.11610648385863,PI
2025-03-02,91.26119080935663,548.790110092304,PI
2025-03-09,114.34510756797944,668.4677561697389,PI
2025-03-16,131.35851638290936,777.6212563261084,PI
2025-03-23,136.77445958104977,864.2653045494594,PI
2025-03-30,148.15637441890775,991.3881629466057,PI
2025-04-06,148.86136460975055,1073.0284499686868,PI
2025-04-13,156.01544727636022,1162.5641844363347,PI
2025-04-20,150.97938574525833,1213.7713974031901,PI
2025-04-27,134.67266733976464,1195.0473432740362,PI
2025-05-04,166.51934038962202,1146.71321197524,PI
2025-05-11,153.93457736475807,1109.6571415179305,PI
2025-05-18,121.95329597952164,975.9856480846037,PI
2025-05-25,108.23540047896974,882.8275381036761,PI
2025-06-01,115.36340105238456,777.5936360489028,PI
2025-06-08,109.2688118588679,698.2268311993693,PI
2025-06-15,100.1262518801749,610.9508098508439,PI
2025-06-22,86.5019521092563,532.0529446988228,PI
2025-06-29,75.01159549781279,464.6669963891036,PI
2025-07-06,66.69127216773121,399.57268903526534,PI
2025-07-13,60.81728712077996,349.41403210611816,PI
2025-07-20,51.34246842510733,297.87612379612045,PI
2025-07-27,47.25081774453685,261.68515210771943,PI
2025-08-03,45.6504795485651,217.76582438327057,PI
2025-08-10,38.874042098990664,183.01513873235848,PI
2025-08-17,36.96354384518196,164.9524406845109,PI
2025-08-24,30.919725290492842,141.09832979033862,PI
2025-08-31,27.439182956806523,123.1639317372709,PI
2025-09-07,24.25376620446786,104.79915616252725,PI
2025-09-14,24.21957351194357,95.37509457929589,PI
2025-09-21,20.19584126346697,79.82357732493159,PI
2025-09-28,17.92943695546573,70.12215400052351,PI
2024-10-06,48.71249748960408,52.569399384516146,SE
2024-10-13,47.182047218113254,50.98177440324983,SE
2024-10-20,47.6214667703747,50.188479123329614,SE
2024-10-27,52.093062925512804,53.35850253494942,SE
2024-11-03,58.69684690654143,60.61279889197928,SE
2024-11-10,59.01066807220695,61.38614701899461,SE
2024-11-17,61.45129318738477,65.57491442171644,SE
2024-11-24,59.36937689520255,66.31505642276932,SE
2024-12-01,53.030271792721535,56.95274455300715,SE
2024-12-08,46.52145985846543,50.79753624010175,SE
2024-12-15,37.27539717816282,41.68522395062219,SE
2024-12-22,31.49660912790508,33.894864988698515,SE
2024-12-29,47.43613197674306,60.55049631843964,SE
2025-01-05,50.88334517790267,61.8965748278639,SE
2025-01-12,53.989730335168815,66.95859616776002,SE
2025-01-19,59.83546580238448,77.79100997166151,SE
2025-01-26,65.03532894838857,83.11380028152448,SE
2025-02-02,74.66214615024826,97.95770210363776,SE
2025-02-09,80.78703060475928,101.4526398524161,SE
2025-02-16,85.51973351921808,112.17906422640147,SE
2025-02-23,90.66698390998228,116.50695870913414,SE
2025-03-02,91.72900310632173,109.61175756817633,SE
2025-03-09,95.99342018367324,122.07857019462516,SE
2025-03-16,99.2694381110342,124.9702305144911,SE
2025-03-23,102.00054743920359,124.76531651928661,SE
2025-03-30,110.93957626094404,142.97421527884165,SE
2025-04-06,112.01126531774133,149.82198289567214,SE
2025-04-13,114.05728653012231,146.29042931982644,SE
2025-04-20,106.47966073231542,132.23704956735665,SE
2025-04-27,110.647920514191,144.5442568924979,SE
2025-05-04,114.19135614595595,145.3227942314639,SE
2025-05-11,117.8831797053532,149.46382385412306,SE
2025-05-18,114.85128582194602,143.27183410410674,SE
2025-05-25,111.44319554729088,140.12938392108353,SE
2025-06-01,112.91658463075557,142.29799275554726,SE
2025-06-08,111.0129716794269,138.26866839237164,SE
2025-06-15,106.12778629751645,131.9003565720346,SE
2025-06-22,107.60886847798623,136.65170604662012,SE
2025-06-29,114.85273554091647,154.6684481020196,SE
2025-07-06,115.9926742729441,149.53599885088659,SE
2025-07-13,111.5609103184957,142.3959536092254,SE
2025-07-20,112.17614736756181,143.8562544193099,SE
2025-07-27,108.38888949729183,136.72803924851758,SE
2025-08-03,96.72922925759684,124.5293980399102,SE
2025-08-10,88.9150669466885,115.37253753696072,SE
2025-08-17,87.73757747362181,108.04281729764234,SE
2025-08-24,81.9407322295717,96.20719315615412,SE
2025-08-31,78.50317926703019,98.87578240295124,SE
2025-09-07,80.35791477572461,101.27698570117215,SE
2025-09-14,79.74444381628425,101.17861663602983,SE
2025-09-21,71.52989793145588,85.12786316932406,SE
2025-09-28,65.9219080876424,84.23095606403064,SE
2024-10-06,19.82809935260015,217.59064833862988,RN
2024-10-13,18.285579709200146,212.65605991613512,RN
2024-10-20,18.30218208165449,199.11638714165164,RN
2024-10-27,15.447317353822852,186.3578045104269,RN
2024-11-03,16.750782327109864,179.80792039746112,RN
2024-11-10,19.020738855584792,185.9839134950795,RN
2024-11-17,19.17593588685998,185.04714124908213,RN
2024-11-24,20.459940243135765,186.26088898183207,RN
2024-12-01,21.663506551499875,184.4909290770878,RN
2024-12-08,20.98829496859533,176.87700339225765,RN
2024-12-15,20.969472203177244,174.3727912311256,RN
2024-12-22,17.203668126064354,171.7424257834745,RN
2024-12-29,17.342482005252833,295.2183752235617,RN
2025-01-05,31.331346423941383,334.02760405545473,RN
2025-01-12,35.2919024134995,404.6871512093256,RN
2025-01-19,42.61345749176942,483.6744970349771,RN
2025-01-26,51.00080243742279,620.2877736979127,RN
2025-02-02,68.37690454246957,773.0611996757551,RN
2025-02-09,84.39000340424522,958.8915200597171,RN
2025-02-16,104.96719641700759,1082.4588765040037,RN
2025-02-23,98.1355775800104,1250.5946140889941,RN
2025-03-02,125.98947915390785,1292.425845777782,RN
2025-03-09,115.65796707919723,1340.6924574890943,RN
2025-03-16,131.57283267833105,1289.5768524888204,RN
2025-03-23,119.22275169244021,1216.0302321526256,RN
2025-03-30,116.67081156778829,1421.1849350564946,RN
2025-04-06,134.95250287858352,1482.2831845835885,RN
2025-04-13,164.03428337728073,1498.6374070796523,RN
2025-04-20,157.4378404453557,1470.2190007704835,RN
2025-04-27,155.51161593065632,1488.8904371805363,RN
2025-05-04,164.85981172875077,1460.4935681585973,RN
2025-05-11,148.18295756578573,1473.4980727232924,RN
2025-05-18,169.62264662632958,1365.4716678323352,RN
2025-05-25,144.21571922900478,1276.3845039248852,RN
2025-06-01,126.94186268584257,1228.6989999911948,RN
2025-06-08,131.14129119169772,1118.5780481880643,RN
2025-06-15,109.7631434197792,1036.1871868639919,RN
2025-06-22,103.50660020815862,934.5825354099026,RN
2025-06-29,89.02743113555279,943.3516587675261,RN
2025-07-06,96.69597693755071,923.7963482152419,RN
2025-07-13,91.9740271770454,871.7614600211488,RN
2025-07-20,86.46487871385733,790.5892228960814,RN
2025-07-27,72.34091970388829,733.2297610329455,RN
2025-08-03,66.56592597981867,676.215105819506,RN
2025-08-10,66.91452935609084,587.995061508915,RN
2025-08-17,53.9932666322112,520.3586178385989,RN
2025-08-24,50.54853771380523,454.97108621614836,RN
2025-08-31,39.542578077322474,396.4162525687276,RN
2025-09-07,35.56501780483339,355.1328277442228,RN
2025-09-14,32.534982019402634,318.70418132090225,RN
2025-09-21,29.897545725267435,277.3474013528651,RN
2025-09-28,22.64638371514016,256.6765085949192,RN
2024-10-06,7193.827824288863,24550.760525107224,SP
2024-10-13,7693.064629315424,26351.355020030693,SP
2024-10-20,7730.647387721521,26230.15870385157,SP
2024-10-27,7811.481853058999,26718.887585233297,SP
2024-11-03,7914.351080322686,27415.23790640605,SP
2024-11-10,8362.53912445222,28786.738385361474,SP
2024-11-17,8974.980632445911,31298.136191031947,SP
2024-11-24,9482.713497267929,33328.52983477729,SP
2024-12-01,10684.690865451385,37481.89236882106,SP
2024-12-08,10894.65477344319,38513.5589191513,SP
2024-12-15,10676.231306125594,37424.90457922859,SP
2024-12-22,11117.201456591254,38628.0660611192,SP
2024-12-29,14201.010222695144,42521.43920194524,SP
2025-01-05,17681.874205482836,52990.483824479146,SP
2025-01-12,21969.649826202487,66040.79039744803,SP
2025-01-19,26788.35623508535,80655.90803295671,SP
2025-01-26,31103.914161667057,94091.79811987169,SP
2025-02-02,37492.03235948452,113326.97565557962,SP
2025-02-09,43200.85646959236,131073.38629573636,SP
2025-02-16,47270.106098402415,143942.3106260028,SP
2025-02-23,52493.13630647754,160648.95726269475,SP
2025-03-02,63630.85807198404,193493.19462981465,SP
2025-03-09,68801.12199968382,209951.8262830145,SP
2025-03-16,72806.55480931437,222787.99710533072,SP
2025-03-23,75147.53151492309,228899.57368826045,SP
2025-03-30,79190.08913019176,241768.44848413684,SP
2025-04-06,80034.00246431123,244854.4668881349,SP
2025-04-13,78657.19587888308,240718.98053358673,SP
2025-04-20,72700.25255030225,222517.41508296723,SP
2025-04-27,65115.48559792851,199883.10958054324,SP
2025-05-04,55385.68008056319,171182.4555255255,SP
2025-05-11,43793.04415717873,136461.7980714989,SP
2025-05-18,32406.953179986947,100668.87304337327,SP
2025-05-25,23553.745756559878,72408.06327730019,SP
2025-06-01,17285.0155039026,53421.504656249286,SP
2025-06-08,13619.60063008507,42159.689145639524,SP
2025-06-15,11124.443507234773,34345.81284489223,SP
2025-06-22,8942.855800205822,27662.314264958117,SP
2025-06-29,6468.155673626878,20151.888549694762,SP
2025-07-06,5339.937736097657,16630.199224965352,SP
2025-07-13,4696.38669079772,14577.146084772512,SP
2025-07-20,4370.172054258538,13522.317850319934,SP
2025-07-27,4329.385115081332,13255.713728349812,SP
2025-08-03,3269.9750990613743,10321.909729866715,SP
2025-08-10,3253.4781866134813,10171.728668566528,SP
2025-08-17,3240.0706121925455,10100.32401050283,SP
2025-08-24,3422.7831685838223,10570.954436619624,SP
2025-08-31,3172.762311455984,9919.057986153482,SP
2025-09-07,3643.743777324506,11392.136606344699,SP
2025-09-14,3974.613227477938,12381.759264590633,SP
2025-09-21,4224.200993746531,13052.943478332727,SP
2025-09-28,3987.215436394696,12494.41283204118,SP
2024-10-06,331.2447417058351,2926.357485116905,RJ
2024-10-13,354.6622757481295,3164.026603022073,RJ
2024-10-20,371.2138253372951,3344.614619894007,RJ
2024-10-27,397.6098904665062,3561.4101522096357,RJ
2024-11-03,441.876453003114,3608.2933741656543,RJ
2024-11-10,471.11189856690856,3933.354511807209,RJ
2024-11-17,572.5833419042967,4491.749936381758,RJ
2024-11-24,685.5909555387261,5134.326095472416,RJ
2024-12-01,845.333889582073,6304.052610489071,RJ
2024-12-08,996.355045005551,7140.513069762337,RJ
2024-12-15,926.634428114417,7535.444961303914,RJ
2024-12-22,997.6597722085456,8769.216816779197,RJ
2024-12-29,966.0979069589162,10576.574882846911,RJ
2025-01-05,1244.0927811988433,12445.910432725303,RJ
2025-01-12,1360.2937760412626,14058.914967645325,RJ
2025-01-19,1557.930173364185,15654.392588036873,RJ
2025-01-26,1745.1642980920712,16711.454353968245,RJ
2025-02-02,2027.2578909715317,20104.01341139576,RJ
2025-02-09,2406.5604285135064,22456.53201680359,RJ
2025-02-16,2794.143704641301,25027.500709421627,RJ
2025-02-23,3099.4131282095086,27166.168482940768,RJ
2025-03-02,3531.7969700997596,32683.581071518438,RJ
2025-03-09,3846.0555930740798,34435.476996810896,RJ
2025-03-16,4080.509693697563,35707.673147678994,RJ
2025-03-23,4052.46202694488,35256.75643667659,RJ
2025-03-30,4372.115335832634,39184.573444944755,RJ
2025-04-06,4558.100879226418,38647.12137238973,RJ
2025-04-13,4354.080162607111,36099.71432147617,RJ
2025-04-20,3894.200637404048,32764.882484460628,RJ
2025-04-27,3529.5410518097974,29353.7987101837,RJ
2025-05-04,3331.382119132113,28217.319912158764,RJ
2025-05-11,2959.6154319018297,24153.333737068875,RJ
2025-05-18,2399.153099859647,19955.157462426858,RJ
2025-05-25,1877.529737587346,16093.529139485949,RJ
2025-06-01,1582.0678422350065,13947.283190086764,RJ
2025-06-08,1291.8516154268964,11582.956558795524,RJ
2025-06-15,1105.1173869352228,9767.199381500543,RJ
2025-06-22,876.9862750265233,8071.981602664213,RJ
2025-06-29,699.2511574852641,6180.685491600037,RJ
2025-07-06,567.564140581342,5149.843704912772,RJ
2025-07-13,456.5493950657348,4414.685104053996,RJ
2025-07-20,413.0799445628929,4016.855650565384,RJ
2025-07-27,374.57782938928307,3847.1202436725566,RJ
2025-08-03,329.8093636524981,2818.520289177285,RJ
2025-08-10,293.4217703936418,2691.697622054255,RJ
2025-08-17,294.23772253652294,2663.244267690438,RJ
2025-08-24,251.5887084904358,2493.0891339687787,RJ
2025-08-31,221.69347325031362,2046.5935682648615,RJ
2025-09-07,213.48257879071818,2098.5835419891705,RJ
2025-09-14,218.50226588702034,2130.554720958012,RJ
2025-09-21,216.78719364624436,2125.075202866335,RJ
2025-09-28,201.8582122918119,1941.9817070259862,RJ
2024-10-06,2565.004177664403,386.6815146520783,ES
2024-10-13,2417.3427005150156,8.461329122193288,ES
2024-10-20,2779.236157022684,389.71936836204617,ES
2024-10-27,2821.1401833414025,235.51641249708828,ES
2024-11-03,2827.6514982042945,518.7421468805932,ES
2024-11-10,3124.0057579495406,580.8040893607659,ES
2024-11-17,3018.006397288071,109.39248427187559,ES
2024-11-24,3522.528385751699,378.5803273122925,ES
2024-12-01,4166.437542515512,597.9817892724941,ES
2024-12-08,4128.7515129412395,130.84727166232298,ES
2024-12-15,4362.555877563765,118.3157879588293,ES
2024-12-22,4809.1364224028375,571.5182241134956,ES
2024-12-29,5576.658523625766,290.85574496074474,ES
2025-01-05,6448.947708531072,670.0806676102729,ES
2025-01-12,6684.837767325225,561.898537297494,ES
2025-01-19,7292.122195896407,979.5403400083931,ES
2025-01-26,7326.0120802973115,708.6990561265272,ES
2025-02-02,8681.924057421753,778.0565675250579,ES
2025-02-09,9311.133071973254,1073.7964390826164,ES
2025-02-16,9765.31402651832,1018.4209714561036,ES
2025-02-23,10063.883120036096,1161.4401511583978,ES
2025-03-02,11176.342756042342,1159.9653653939556,ES
2025-03-09,11339.957550445792,1273.6064112107333,ES
2025-03-16,11216.103195260333,1060.671961471879,ES
2025-03-23,10976.963033692025,1012.665255489875,ES
2025-03-30,11512.379126869922,1492.7951986314251,ES
2025-04-06,10729.653464706102,992.9406752859695,ES
2025-04-13,10340.022146326794,1118.905922388134,ES
2025-04-20,9745.256625486227,1046.8298646994574,ES
2025-04-27,9137.574646491954,880.1578019288958,ES
2025-05-04,9154.441824937869,587.4951733109857,ES
2025-05-11,8507.484505728682,493.14546047394043,ES
2025-05-18,7820.048524925622,502.9933855331291,ES
2025-05-25,7025.768221882919,363.7907040493141,ES
2025-06-01,6872.316739113552,435.04418052447005,ES
2025-06-08,6145.109590268411,318.6971196486773,ES
2025-06-15,5568.829629362732,382.8941834941433,ES
2025-06-22,4938.77988993757,171.54847276987968,ES
2025-06-29,4297.845644532439,253.87952690730978,ES
2025-07-06,3912.3574965135763,179.28147545927564,ES
2025-07-13,3550.8237997131996,125.7896192813121,ES
2025-07-20,3362.4048204986516,162.48947032451227,ES
2025-07-27,3202.4969151521113,77.99024574831785,ES
2025-08-03,2284.5190889146907,184.62757368966493,ES
2025-08-10,2204.3539185326476,190.18840669421002,ES
2025-08-17,2107.738469743183,129.97012519991773,ES
2025-08-24,2009.4887968123096,33.06517980978415,ES
2025-08-31,1686.1043629675744,70.24614495142325,ES
2025-09-07,1682.569830383325,50.988452675501854,ES
2025-09-14,1804.4646874362732,90.15497805635843,ES
2025-09-21,1854.345367993849,79.05361508578568,ES
2025-09-28,1633.6804470638046,124.37684977190241,ES
2024-10-06,234.9107594634753,736.5539686440343,AP
2024-10-13,264.10858743465036,670.1217857511011,AP
2024-10-20,231.80271621279854,634.1960683268807,AP
2024-10-27,240.54916717639603,724.6373301974359,AP
2024-11-03,228.29416848913354,656.9742180856797,AP
2024-11-10,213.62413558614622,587.6104554439335,AP
2024-11-17,167.32805771463177,490.1111029491716,AP
2024-11-24,141.67292943713073,415.21339754870587,AP
2024-12-01,130.10276091909222,404.50169049980167,AP
2024-12-08,120.76393345673499,390.2023998543954,AP
2024-12-15,105.4376553682541,294.94468204148444,AP
2024-12-22,149.605629877507,393.9875613280254,AP
2024-12-29,256.6741310344859,735.0868493773016,AP
2025-01-05,352.43762705923683,913.5164062428348,AP
2025-01-12,313.27250823170726,1003.434599422926,AP
2025-01-19,367.8914967658232,1074.4317401823898,AP
2025-01-26,553.5284697608336,1510.2107643291922,AP
2025-02-02,541.2410861794372,1530.9628777741978,AP
2025-02-09,478.0894794398896,1894.851668469934,AP
2025-02-16,467.47958997406016,1828.3370872349406,AP
2025-02-23,609.624094069929,1889.9574897255504,AP
2025-03-02,507.13445143669156,1942.1198709052612,AP
2025-03-09,462.533798587956,1602.126294313021,AP
2025-03-16,347.70209220386766,1401.8084471621612,AP
2025-03-23,445.1349643373488,1302.3003725415806,AP
2025-03-30,451.46618357504366,1517.5939314939897,AP
2025-04-06,403.11019656483035,1175.9819602371624,AP
2025-04-13,347.1354937150265,1081.3277665053508,AP
2025-04-20,307.7780907733956,917.9565168600235,AP
2025-04-27,278.25796230715713,906.4527236759395,AP
2025-05-04,332.46660939734693,928.815764995027,AP
2025-05-11,251.1120797828119,790.817499751138,AP
2025-05-18,206.74529114443985,647.7005910386168,AP
2025-05-25,170.85519528869338,617.3903197140032,AP
2025-06-01,219.7657982527394,676.6872342366287,AP
2025-06-08,223.2052757814826,622.4662147204708,AP
2025-06-15,195.24769557768053,576.0283303157626,AP
2025-06-22,205.92318787631757,517.2000617014926,AP
2025-06-29,182.63452463898506,553.5897834575331,AP
2025-07-06,191.45849746123167,465.8311211517342,AP
2025-07-13,184.50919946407873,463.98960154639184,AP
2025-07-20,236.26512964724338,549.2650528379704,AP
2025-07-27,310.3077378187961,662.2061350341621,AP
2025-08-03,341.1851053891298,707.6200280277528,AP
2025-08-10,338.99955659204164,734.8313197283894,AP
2025-08-17,342.62053558171465,733.3976794965413,AP
2025-08-24,327.47560882431316,692.0759771262763,AP
2025-08-31,299.0427027261904,643.586284250671,AP
2025-09-07,290.8341655511037,642.5899924500583,AP
2025-09-14,310.8077946902212,682.0822855558206,AP
2025-09-21,306.61381282070244,662.6847893397131,AP
2025-09-28,323.5904165666217,712.2518785491579,AP
2024-10-06,17.77196110445366,35.25565282087708,TO
2024-10-13,20.0707221078568,39.8048176507249,TO
2024-10-20,22.87710533463938,48.6709391691912,TO
2024-10-27,28.54004858454996,57.09875603524409,TO
2024-11-03,32.2257706568027,63.96789407070165,TO
2024-11-10,39.482026779293264,75.35544659338642,TO
2024-11-17,48.945049772508234,91.74647923427386,TO
2024-11-24,60.264040280938495,104.43453225269779,TO
2024-12-01,77.28910849783024,121.87604063385112,TO
2024-12-08,80.37295348643693,126.69682508486248,TO
2024-12-15,72.20484178892039,131.50015339432306,TO
2024-12-22,63.715363334043595,123.99591326811938,TO
2024-12-29,107.1685824261408,88.54751987464574,TO
2025-01-05,146.64224567061788,128.4622238077306,TO
2025-01-12,156.44506018469735,139.16890053309464,TO
2025-01-19,169.69868038419017,154.03996127360546,TO
2025-01-26,187.1303007484928,161.59505367691045,TO
2025-02-02,185.8433603113451,163.90519851520833,TO
2025-02-09,188.0565661345902,167.25990318606046,TO
2025-02-16,186.67328412776934,176.4923530580807,TO
2025-02-23,186.1287398080153,175.43467620644074,TO
2025-03-02,164.07701180518066,157.54030466096398,TO
2025-03-09,168.4356629785774,148.0410764234435,TO
2025-03-16,173.79954817230072,151.83454911264812,TO
2025-03-23,169.88401228927532,159.3682376998432,TO
2025-03-30,169.77001060795934,157.7855172558222,TO
2025-04-06,167.96087276896904,153.47750758804568,TO
2025-04-13,161.75109920359625,155.34046158002673,TO
2025-04-20,158.784827204347,145.09643350072517,TO
2025-04-27,154.42732465634626,140.87422454935344,TO
2025-05-04,144.46602801393252,122.4947125042392,TO
2025-05-11,131.31544870798703,118.68207902125846,TO
2025-05-18,118.42370927148033,106.99450204731293,TO
2025-05-25,99.82831723746139,96.53002522232472,TO
2025-06-01,85.3961525755426,82.27123427127268,TO
2025-06-08,73.60471603571779,66.76078503200557,TO
2025-06-15,62.336912912554006,60.59228440596688,TO
2025-06-22,50.73971167235319,50.11299206477135,TO
2025-06-29,41.15635356229185,45.7382027889207,TO
2025-07-06,35.318604017774746,36.91815898201068,TO
2025-07-13,30.298741462630264,32.51695215456823,TO
2025-07-20,27.823347746177614,28.77049236375454,TO
2025-07-27,26.220402334694676,26.032941985475,TO
2025-08-03,23.748095436113367,23.713575770836822,TO
2025-08-10,22.619640558148713,21.93055095561617,TO
2025-08-17,21.544354314350784,20.99966155284648,TO
2025-08-24,19.59341945549495,19.738094267094418,TO
2025-08-31,18.07170253106069,18.47039674438156,TO
2025-09-07,16.644628728058986,17.645898300153863,TO
2025-09-14,17.610521953572768,16.639128781502862,TO
2025-09-21,17.340479644421503,17.699905033917428,TO
2025-09-28,17.45033221794764,18.67126520846192,TO
2024-10-06,8.600260306700212,6.135527397144187,RR
2024-10-13,8.586054027449459,6.390216489666408,RR
2024-10-20,8.895376314719268,6.292712356297451,RR
2024-10-27,9.426463644710694,5.859361161094733,RR
2024-11-03,9.298184672673308,5.674228342462724,RR
2024-11-10,9.31902332167283,5.889940347740789,RR
2024-11-17,8.933110681447285,5.623693039691981,RR
2024-11-24,8.69370437242086,5.714528223091329,RR
2024-12-01,8.468139821657456,5.5265213768530534,RR
2024-12-08,8.179608210413763,5.293166214539931,RR
2024-12-15,7.6100594371808805,5.725929190529552,RR
2024-12-22,7.209551546775142,5.318786437891526,RR
2024-12-29,12.247683611301575,7.532460493916741,RR
2025-01-05,13.403367359635988,7.390518873028264,RR
2025-01-12,13.300542889260965,8.27534939626286,RR
2025-01-19,13.2785975443705,8.311644186865621,RR
2025-01-26,13.391018019564914,8.806727126480414,RR
2025-02-02,15.001093463283441,9.83719770982028,RR
2025-02-09,15.015555354513914,9.432836737438333,RR
2025-02-16,15.715288048672777,9.327355308809087,RR
2025-02-23,16.21259764596927,10.68215780016677,RR
2025-03-02,15.370215462561736,10.8814244051373,RR
2025-03-09,16.20877851916282,12.15520387231299,RR
2025-03-16,15.54116986858418,13.451196393359009,RR
2025-03-23,15.296098555268728,12.156062956509825,RR
2025-03-30,12.7702028245908,14.510325690124244,RR
2025-04-06,12.217823466260977,12.669641726253433,RR
2025-04-13,12.895188962410334,12.868749971122451,RR
2025-04-20,14.397661001439914,11.554548549426919,RR
2025-04-27,14.021108762528765,13.268254341200542,RR
2025-05-04,13.697995312580746,17.813210311067166,RR
2025-05-11,11.930995612068353,22.433099837609284,RR
2025-05-18,12.739191270886831,24.145897650777584,RR
2025-05-25,11.383128081646241,25.934483457149792,RR
2025-06-01,8.774109477959474,27.378699768633837,RR
2025-06-08,11.387195473362926,25.26637048351312,RR
2025-06-15,12.079348075582146,23.335199395742528,RR
2025-06-22,10.303537683760355,25.875696356519338,RR
2025-06-29,9.179751793355846,22.087414209286585,RR
2025-07-06,9.478110678717492,23.424253949008992,RR
2025-07-13,9.352592217240673,23.53895933595264,RR
2025-07-20,9.172696728725771,21.34494937178871,RR
2025-07-27,9.930645468667048,23.42889493786616,RR
2025-08-03,8.813590146688313,24.79209086218404,RR
2025-08-10,9.92304548176228,23.988285900049455,RR
2025-08-17,9.395648239350422,21.93781737477352,RR
2025-08-24,7.460009632697302,19.32431298679605,RR
2025-08-31,8.235598361500635,18.343873752184567,RR
2025-09-07,7.603507622475594,16.806604883992968,RR
2025-09-14,6.55237214749169,16.21711473420147,RR
2025-09-21,6.830612732593669,14.622699072807638,RR
2025-09-28,5.5003099924707035,13.37087957111145,RR
2024-10-06,74.55991720536663,23.3158355279516,RO
2024-10-13,87.47831091106859,26.52166472252187,RO
2024-10-20,98.2248513374149,30.421188807971088,RO
2024-10-27,119.03431827251067,35.1801208748489,RO
2024-11-03,137.07339681251383,44.45661523073516,RO
2024-11-10,165.0991360850498,51.99461837525237,RO
2024-11-17,191.9463123581286,62.67945046003225,RO
2024-11-24,220.7555988369154,73.19787682930162,RO
2024-12-01,216.99021276072037,78.77282410536327,RO
2024-12-08,221.45530383664263,81.3192629029761,RO
2024-12-15,217.29413924770853,81.73975540873028,RO
2024-12-22,272.0737514265063,89.11317298830079,RO
2024-12-29,561.4047771735824,178.2468262653778,RO
2025-01-05,638.3124578266238,215.04153184035124,RO
2025-01-12,693.9846978863985,228.23733385338255,RO
2025-01-19,689.5455052197555,240.46571575905236,RO
2025-01-26,695.4137920730498,237.7491862126038,RO
2025-02-02,649.2347366257751,238.318292258821,RO
2025-02-09,653.8496698834147,231.92321217645716,RO
2025-02-16,599.6694725394162,220.3696933906622,RO
2025-02-23,592.8838776730196,218.74913798327864,RO
2025-03-02,533.7780752668892,202.60342373566263,RO
2025-03-09,488.3015606628135,186.69767306435793,RO
2025-03-16,414.21158387246334,159.3845034729957,RO
2025-03-23,371.9353519113911,142.44965595395465,RO
2025-03-30,353.7795122046119,133.38666067433465,RO
2025-04-06,320.61134815070153,121.7217886560497,RO
2025-04-13,285.0402492981777,114.24403177718806,RO
2025-04-20,240.84819475342178,97.06280518271586,RO
2025-04-27,234.45892512036366,90.44049791829227,RO
2025-05-04,214.8870911345666,85.3609050687628,RO
2025-05-11,180.92890548257733,77.45349262493474,RO
2025-05-18,150.9015476087977,62.750065567380936,RO
2025-05-25,137.11599800320573,57.05980732527593,RO
2025-06-01,125.05216089674458,51.214013051798624,RO
2025-06-08,111.8511693324116,44.54569747123488,RO
2025-06-15,106.48150014041259,39.87215641745713,RO
2025-06-22,92.422269240961,36.169996286416215,RO
2025-06-29,88.77500161132717,33.62131575124193,RO
2025-07-06,81.28661186679507,30.615621964295773,RO
2025-07-13,77.71768095952895,31.375305644579882,RO
2025-07-20,71.98655534193607,26.60952160615453,RO
2025-07-27,67.578323060187,24.646407907471914,RO
2025-08-03,61.00672988347517,23.220323365974025,RO
2025-08-10,53.24124879665715,20.55867558131419,RO
2025-08-17,48.88952485330655,18.750107073439434,RO
2025-08-24,43.220955932674194,16.738383598443104,RO
2025-08-31,44.76643623237165,16.228371754794104,RO
2025-09-07,44.65687409468752,15.876380154614981,RO
2025-09-14,48.205597122808456,17.078332746515674,RO
2025-09-21,50.26921340962878,17.66366889779262,RO
2025-09-28,57.40132424294864,21.161466061646237,RO
2024-10-06,21.851193292087874,351.4585459813925,AC
2024-10-13,24.071463727935193,380.7750275946781,AC
2024-10-20,20.27259369546067,435.7549555894319,AC
2024-10-27,19.969937967925972,477.2340793639726,AC
2024-11-03,23.271861046286876,513.4011043950018,AC
2024-11-10,27.35575130256214,567.5061173624221,AC
2024-11-17,31.39579095493792,637.7907398735134,AC
2024-11-24,35.00964300621886,696.3710853554016,AC
2024-12-01,54.8342967636841,688.4200495647848,AC
2024-12-08,55.616676783448696,722.1833716987875,AC
2024-12-15,35.596735031090475,736.0169683512457,AC
2024-12-22,12.10147686880175,772.2104395465545,AC
2024-12-29,198.57996860681624,437.5205806739771,AC
2025-01-05,183.72734376867615,526.6622741979286,AC
2025-01-12,209.60021785318608,583.5645017214455,AC
2025-01-19,192.43740360671768,626.2507658263106,AC
2025-01-26,198.11955763659623,577.357933523868,AC
2025-02-02,200.43268012254924,465.54967793724546,AC
2025-02-09,196.42196116590043,430.4617992291799,AC
2025-02-16,177.05809074629738,413.2602462704245,AC
2025-02-23,178.2145884337481,347.38682253355404,AC
2025-03-02,180.50285245397916,282.7621125163225,AC
2025-03-09,152.6363672931441,231.52272203632063,AC
2025-03-16,150.995600003425,219.60954542435567,AC
2025-03-23,122.47480905527823,230.99568202161325,AC
2025-03-30,111.81359092012391,201.28924101722802,AC
2025-04-06,108.72163569023697,199.73375600518344,AC
2025-04-13,101.18794205056693,182.9994064267186,AC
2025-04-20,72.70341324422108,168.93102472468718,AC
2025-04-27,68.96598549665843,142.35985167558422,AC
2025-05-04,68.66865152075273,138.99386175999868,AC
2025-05-11,57.75577833485681,124.46291792514789,AC
2025-05-18,55.37365539657444,122.04446579436755,AC
2025-05-25,43.71631903309338,97.53492209787602,AC
2025-06-01,42.37368625046238,83.87361087223015,AC
2025-06-08,34.474273502032716,72.45589641287808,AC
2025-06-15,31.82683286420603,65.65033441278439,AC
2025-06-22,32.622904862849964,61.06949287806416,AC
2025-06-29,29.13583805296521,57.361426288370076,AC
2025-07-06,24.439629657626597,52.255558765597776,AC
2025-07-13,26.243862631026918,46.1454816464133,AC
2025-07-20,22.144064791093182,52.19728578855972,AC
2025-07-27,22.847041532294572,45.935825358540015,AC
2025-08-03,21.836217954979443,43.12972017014487,AC
2025-08-10,24.177127969769423,41.270888201622434,AC
2025-08-17,23.198719970773926,40.854705255882685,AC
2025-08-24,30.509918105191954,40.47147120049187,AC
2025-08-31,37.894236637665934,45.05336306754672,AC
2025-09-07,48.09158788464695,46.838125749849105,AC
2025-09-14,55.08376530969279,65.51389464056838,AC
2025-09-21,50.73752168314538,74.1172065392429,AC
2025-09-28,60.211471176432106,72.73897477668574,AC
2024-10-06,111.5079567957488,309.3062302169183,PA
2024-10-13,110.7510832608706,301.0545261170317,PA
2024-10-20,104.07397845637013,285.27706993642227,PA
2024-10-27,116.94319954515956,327.6554088006406,PA
2024-11-03,137.96356243419154,380.76087076653056,PA
2024-11-10,155.83214983433274,424.1107895471478,PA
2024-11-17,172.02216599614295,472.31895170308434,PA
2024-11-24,183.95317373743455,510.2907885366713,PA
2024-12-01,184.17295736633477,512.5774738354144,PA
2024-12-08,172.0238269884199,473.37892480240816,PA
2024-12-15,149.20945160658587,403.4833190707144,PA
2024-12-22,153.0283983145738,419.0070663923054,PA
2024-12-29,211.6424793145011,478.07419771422093,PA
2025-01-05,280.20736904256864,616.4991909881096,PA
2025-01-12,330.60431724451365,741.3055822912804,PA
2025-01-19,387.66688600952637,880.0533584777029,PA
2025-01-26,447.8578015188605,1001.1057626943284,PA
2025-02-02,429.5096391731741,976.5049809979827,PA
2025-02-09,447.7596103466614,1023.7044347669921,PA
2025-02-16,447.43187194178944,991.4449233049634,PA
2025-02-23,454.5757829338235,976.0519261303918,PA
2025-03-02,438.89173260434546,961.4118637879908,PA
2025-03-09,441.66828716179145,954.7983501627846,PA
2025-03-16,409.72491279764154,872.7202747299045,PA
2025-03-23,366.32956402978414,781.2828602900286,PA
2025-03-30,363.9306278093753,779.5528413462024,PA
2025-04-06,340.564206294898,732.1194103321955,PA
2025-04-13,307.98219988399194,644.2124991152943,PA
2025-04-20,270.3536715657987,567.7463829556908,PA
2025-04-27,262.64432043680097,563.9935082408672,PA
2025-05-04,243.9142010662745,516.0448606524916,PA
2025-05-11,218.00634873238542,452.9894658091254,PA
2025-05-18,183.4599990527148,383.0564102243372,PA
2025-05-25,160.21829835089466,336.21132496998763,PA
2025-06-01,146.97006941688238,306.0039036852862,PA
2025-06-08,134.5437577788441,275.7127380424584,PA
2025-06-15,119.316047142377,251.5469282354979,PA
2025-06-22,112.80145046562068,237.3970522773387,PA
2025-06-29,103.29809394023216,211.80423870454993,PA
2025-07-06,96.72580319020531,205.5986909104948,PA
2025-07-13,97.312566653917,201.99078387362079,PA
2025-07-20,97.3109494993726,205.88157124325713,PA
2025-07-27,106.68000428827595,219.04575128652368,PA
2025-08-03,110.96092363081799,234.5419899680589,PA
2025-08-10,109.04773918460616,231.505031903943,PA
2025-08-17,103.56403731207986,216.39036373003105,PA
2025-08-24,96.23503243379484,204.29820875190663,PA
2025-08-31,94.12441972172161,200.11884135576898,PA
2025-09-07,92.21088294852873,197.47143964739504,PA
2025-09-14,93.2135348137454,194.4456288451772,PA
2025-09-21,89.6699637583816,190.92206539216392,PA
2025-09-28,85.78420138969834,179.62046977013364,PA
2024-10-06,250.85777382439798,6731.310926958644,DF
2024-10-13,273.23483390122067,7344.474561698862,DF
2024-10-20,241.8117578363418,6527.50839690908,DF
2024-10-27,255.538388915774,6911.053375716121,DF
2024-11-03,289.02465411474714,7818.129838983199,DF
2024-11-10,318.4134561717665,8588.326322330528,DF
2024-11-17,388.52613045658313,10408.876107485228,DF
2024-11-24,447.64808805688074,11974.830720411202,DF
2024-12-01,559.4250403412773,15216.381366975536,DF
2024-12-08,706.5314200758318,19077.064195449242,DF
2024-12-15,730.9608257395978,19836.294204702997,DF
2024-12-22,698.6010598210194,19210.634640177403,DF
2024-12-29,1327.440475451126,25005.60961935118,DF
2025-01-05,1379.2641177238497,26323.259143384446,DF
2025-01-12,1928.7389885826253,36253.88566006879,DF
2025-01-19,2703.441635874576,50035.429960751775,DF
2025-01-26,3182.9427228365116,58803.917258169415,DF
2025-02-02,3245.427245246285,60346.01210258664,DF
2025-02-09,3181.575363423228,59546.585940837744,DF
2025-02-16,3465.439418260724,64648.40773214562,DF
2025-02-23,3525.045972740751,65983.56452961046,DF
2025-03-02,3397.5889114783317,63540.18055715371,DF
2025-03-09,3350.169431744335,62872.42384268597,DF
2025-03-16,3219.071259994791,60873.22409882514,DF
2025-03-23,2721.2622887468365,52497.55569532151,DF
2025-03-30,2837.23336340528,54315.3731861102,DF
2025-04-06,2891.2504339426464,55194.83692315377,DF
2025-04-13,2690.778128248839,51910.95698769376,DF
2025-04-20,2458.054888323416,47750.232199985054,DF
2025-04-27,2272.8552904774547,44417.94664465211,DF
2025-05-04,2078.2601931947656,40724.00192240879,DF
2025-05-11,1995.1479544439235,38901.21906223733,DF
2025-05-18,1802.167164023052,35093.49870095415,DF
2025-05-25,1627.5178328637983,31452.48284346247,DF
2025-06-01,2454.4068738457713,45359.207469410816,DF
2025-06-08,1996.4224103465815,36947.315955665355,DF
2025-06-15,1467.0683170186796,27366.957355471863,DF
2025-06-22,1154.6278985878957,21586.701054676214,DF
2025-06-29,921.4019769715495,17239.989619684235,DF
2025-07-06,762.835617446815,14265.209232279576,DF
2025-07-13,673.3860132060577,12573.507341462982,DF
2025-07-20,569.4532588564374,10684.342782360454,DF
2025-07-27,531.6292898195225,9944.731892756345,DF
2025-08-03,460.5779869512245,8570.994318178133,DF
2025-08-10,433.51181685305886,8053.696861315366,DF
2025-08-17,404.53853249178155,7559.555776002509,DF
2025-08-24,389.6841475516145,7296.864805136581,DF
2025-08-31,418.4865685632714,7738.149899638415,DF
2025-09-07,438.6001797311045,8106.455861412687,DF
2025-09-14,422.1987631486515,7840.060109421185,DF
2025-09-21,443.3627489800889,8215.231453719573,DF
2025-09-28,416.17691173238256,7715.492638006124,DF
2024-10-06,243.69779606587116,152.58146747777698,MT
2024-10-13,268.09832725542464,161.7212241471305,MT
2024-10-20,301.1194964016096,203.65394285186156,MT
2024-10-27,339.1637914367478,175.0716865611339,MT
2024-11-03,367.8484819791011,266.97802833297624,MT
2024-11-10,435.69581152140904,293.4245150851824,MT
2024-11-17,505.79318523306017,346.14652446750125,MT
2024-11-24,579.6060083489461,447.7637563984011,MT
2024-12-01,621.4541459452026,453.38758206315975,MT
2024-12-08,636.4870217419414,507.39789520743585,MT
2024-12-15,636.2207110311665,351.40863221763044,MT
2024-12-22,708.003281772038,344.2803262183602,MT
2024-12-29,984.3667165263412,446.4217281286353,MT
2025-01-05,1190.5130847590883,636.1583215180491,MT
2025-01-12,1315.6402098772514,733.3760756532475,MT
2025-01-19,1391.0620903094573,723.7536585640254,MT
2025-01-26,1463.332836788048,817.0533453269901,MT
2025-02-02,1445.3273406007027,916.1700241795411,MT
2025-02-09,1466.0213950962682,979.430697333423,MT
2025-02-16,1457.5369745799844,1005.2021645266752,MT
2025-02-23,1468.153490235475,949.1600670297231,MT
2025-03-02,1302.9213005403592,938.728339271097,MT
2025-03-09,1276.549392269783,897.6150111039038,MT
2025-03-16,1261.0106759160556,822.3075230861989,MT
2025-03-23,1233.4320293887058,833.4380036541517,MT
2025-03-30,1207.510041294889,812.2791909349687,MT
2025-04-06,1222.559296628314,771.0487564331394,MT
2025-04-13,1225.9656517778405,695.9548382218284,MT
2025-04-20,1184.4974640825583,695.1294445146758,MT
2025-04-27,1127.301070176208,684.5328919896301,MT
2025-05-04,1033.382614445856,631.6913871120536,MT
2025-05-11,946.5509883883503,551.8039864210216,MT
2025-05-18,850.5376183528826,485.527395517827,MT
2025-05-25,740.0584653589003,435.72884640066934,MT
2025-06-01,645.472268352956,342.547181132998,MT
2025-06-08,556.867557751049,276.3352943671963,MT
2025-06-15,495.114710392385,295.4146781391057,MT
2025-06-22,439.30484188005227,239.68087473597492,MT
2025-06-29,373.29011545851455,230.50591715276832,MT
2025-07-06,319.15627387008675,145.74114426189394,MT
2025-07-13,278.33761499580095,127.7616305507714,MT
2025-07-20,245.71741232854177,121.27870302687855,MT
2025-07-27,226.5470265315692,104.17995590303265,MT
2025-08-03,197.99440260497568,97.26719044462278,MT
2025-08-10,181.7040471695965,92.5190460319313,MT
2025-08-17,171.85820186988485,88.81080463724298,MT
2025-08-24,156.57069005788048,73.8010695166374,MT
2025-08-31,146.47751364615698,73.3402011712313,MT
2025-09-07,146.4224796958548,78.01882202160525,MT
2025-09-14,149.80090719858333,79.03363336285877,MT
2025-09-21,154.15801113892428,81.16743310979689,MT
2025-09-28,159.5390000658764,83.92805963657081,MT
2024-10-06,262.41189040275566,34.26561842526413,MS
2024-10-13,289.2502508574902,40.260660768844,MS
2024-10-20,333.62691456556803,44.554094950523826,MS
2024-10-27,365.95798999988295,49.61994904487231,MS
2024-11-03,435.7408558420092,59.745020583135066,MS
2024-11-10,506.7301968692889,65.19911067523032,MS
2024-11-17,582.0494369400759,77.50329669879781,MS
2024-11-24,694.484309400337,88.37258037598838,MS
2024-12-01,803.6800047500892,101.043647030751,MS
2024-12-08,837.406299959197,110.13480349297193,MS
2024-12-15,863.492757384329,110.76952297186199,MS
2024-12-22,907.0566477196644,125.33503002219464,MS
2024-12-29,1722.132733396401,358.4630366481243,MS
2025-01-05,2247.6755052991202,458.9659398742322,MS
2025-01-12,2664.897315170389,563.7212165629222,MS
2025-01-19,3020.3283984808845,651.2753546782826,MS
2025-01-26,3321.4132899107753,689.356858829224,MS
2025-02-02,3556.838719102179,696.9095329859898,MS
2025-02-09,3610.135910843335,709.8867941379167,MS
2025-02-16,3602.2099663471595,698.301333438702,MS
2025-02-23,3618.737416196625,723.7210940147573,MS
2025-03-02,3781.3239937552303,724.1431864562531,MS
2025-03-09,3778.5737629895634,722.675909870725,MS
2025-03-16,3754.7928906438005,703.8404049806227,MS
2025-03-23,3690.3607678850226,656.1018107821343,MS
2025-03-30,3636.866822559697,639.6936748528774,MS
2025-04-06,3410.414307446336,618.6321085497522,MS
2025-04-13,3259.3275077745134,556.709752963011,MS
2025-04-20,2902.394263507916,494.652363045572,MS
2025-04-27,2503.02361483969,448.34326092393536,MS
2025-05-04,2114.502846239842,373.9330369951885,MS
2025-05-11,1763.596115235005,298.9039166506296,MS
2025-05-18,1411.9734552137927,222.5256891223235,MS
2025-05-25,1110.6962825268283,175.54292641034903,MS
2025-06-01,848.9025231502585,146.6461075426232,MS
2025-06-08,694.0103467883278,125.88762311924998,MS
2025-06-15,603.9057514303945,104.42525737535044,MS
2025-06-22,507.6224268833439,85.42207907984435,MS
2025-06-29,377.56243923613556,66.67915772399124,MS
2025-07-06,334.7387274461101,60.19258146259663,MS
2025-07-13,296.6316062534627,49.1149422580975,MS
2025-07-20,275.15585085728856,44.14840873632117,MS
2025-07-27,257.9087873780459,41.44672206089352,MS
2025-08-03,203.80002221815337,36.94663359713254,MS
2025-08-10,200.03479395431037,35.446111335214326,MS
2025-08-17,203.89065428499742,33.2182057661975,MS
2025-08-24,204.23483795596476,33.92769108024949,MS
2025-08-31,183.89345551055087,32.54751256843182,MS
2025-09-07,188.62061633225713,35.14151227023397,MS
2025-09-14,210.301381563948,35.77190730961167,MS
2025-09-21,222.30238057369877,37.405923009530945,MS
2025-09-28,214.96401195880253,37.345090942907895,MS
2024-10-06,304.5706519422786,1639.246317082836,RS
2024-10-13,337.5538349516079,1749.4000874175356,RS
2024-10-20,370.4504356390213,1907.1520685801765,RS
2024-10-27,411.5896617104644,2100.1802376968017,RS
2024-11-03,514.0275098285339,2505.5514412309267,RS
2024-11-10,593.3014508276966,2960.5987199335605,RS
2024-11-17,672.2110406834696,3412.340141822232,RS
2024-11-24,722.4498427270202,3768.803253389614,RS
2024-12-01,667.7288958295725,3890.4905500819295,RS
2024-12-08,651.689491755675,4247.988327800032,RS
2024-12-15,650.1476864121571,4394.986608473698,RS
2024-12-22,703.4078059675415,4199.650716042376,RS
2024-12-29,978.3039767576055,3412.49546172847,RS
2025-01-05,1113.1886431039975,3846.4066962163133,RS
2025-01-12,1188.0700154484998,4151.145433912951,RS
2025-01-19,1248.4242150627506,4410.362163845246,RS
2025-01-26,1345.1131970441743,4818.840030564441,RS
2025-02-02,1701.8696066836,6167.569555018406,RS
2025-02-09,2190.5386838072313,8123.696328492753,RS
2025-02-16,2855.256311145915,10573.679920857692,RS
2025-02-23,3439.8291689161592,12927.941667134146,RS
2025-03-02,4838.478385036212,17931.367445110503,RS
2025-03-09,5803.473631054637,21282.656208189266,RS
2025-03-16,6749.425513845591,24869.940359008313,RS
2025-03-23,7716.249357733579,27796.913711190446,RS
2025-03-30,9661.89057352621,34332.79852310873,RS
2025-04-06,9696.773419669136,34693.67071127896,RS
2025-04-13,9645.174051000218,33997.32177503856,RS
2025-04-20,8579.944937444738,30050.14591494119,RS
2025-04-27,7083.249080926452,24960.081158084486,RS
2025-05-04,6075.590536186933,21141.05031144886,RS
2025-05-11,4468.914338042424,16102.66664041851,RS
2025-05-18,3172.1065679888916,10621.76144296748,RS
2025-05-25,2243.7702382409766,7570.015128122206,RS
2025-06-01,1558.1095429672864,5325.195229860078,RS
2025-06-08,1144.1102047852755,4062.739985906025,RS
2025-06-15,826.3186168298039,2841.672841674207,RS
2025-06-22,633.3469110559608,2268.349008495099,RS
2025-06-29,486.41233800760375,1763.027082531078,RS
2025-07-06,396.2851749783294,1415.509999856868,RS
2025-07-13,334.18645021190196,1189.406924130824,RS
2025-07-20,323.32144896790635,1151.4258118285359,RS
2025-07-27,333.75860070964393,1188.689246902438,RS
2025-08-03,260.94253152836524,942.2022285355071,RS
2025-08-10,244.73500689747965,876.2593923153096,RS
2025-08-17,233.58026623264917,834.843093672324,RS
2025-08-24,233.78043960787005,823.5013139310566,RS
2025-08-31,165.3375941051556,588.8523514663576,RS
2025-09-07,176.65153806491827,628.3479576372357,RS
2025-09-14,187.35408171199018,670.5919517663955,RS
2025-09-21,204.93271887080715,737.7239869056054,RS
2025-09-28,176.1478567444624,639.93767439919,RS
2024-10-06,363.63267010241583,3362.5936486527094,SC
2024-10-13,504.0230172350085,3774.2292306861127,SC
2024-10-20,534.4979424193151,3941.77841681392,SC
2024-10-27,432.90304531922794,4115.665908685225,SC
2024-11-03,400.87597068475037,4492.640838622054,SC
2024-11-10,581.863744943232,4928.410184731876,SC
2024-11-17,519.8773102805328,6000.061983807769,SC
2024-11-24,537.0899234482739,6987.459955166603,SC
2024-12-01,592.3701940379303,8146.086923026333,SC
2024-12-08,558.3605546585932,9077.49893173821,SC
2024-12-15,515.1840342786886,8856.980714471458,SC
2024-12-22,633.8960328686849,7398.8979294128585,SC
2024-12-29,703.2709591925538,5762.332992373917,SC
2025-01-05,781.1239687721737,6346.017500476853,SC
2025-01-12,891.77807174422,7084.138488311961,SC
2025-01-19,1072.1800916569705,7904.874508248344,SC
2025-01-26,1218.376885664117,8977.125568597547,SC
2025-02-02,1751.39957391619,11943.477890199003,SC
2025-02-09,2047.3801768147937,14221.434569297577,SC
2025-02-16,2722.7586970037573,17466.205231853783,SC
2025-02-23,3584.995756364189,21407.68632178702,SC
2025-03-02,4611.638627527676,28578.470277648787,SC
2025-03-09,5858.6841692866055,34469.90964091146,SC
2025-03-16,7019.540491063826,41563.70324799904,SC
2025-03-23,10125.461452757503,47880.0594177779,SC
2025-03-30,12250.008938620666,55333.31288893542,SC
2025-04-06,13787.627572320713,57099.18445431918,SC
2025-04-13,10394.92411204143,53892.564474429964,SC
2025-04-20,10214.398345272875,49992.50610481571,SC
2025-04-27,11850.272541828785,46665.6416344999,SC
2025-05-04,10116.866519447625,42559.38578687589,SC
2025-05-11,7660.722122782299,34294.43460842586,SC
2025-05-18,5319.303107215665,24401.780505792332,SC
2025-05-25,3894.850139632012,17831.267921479808,SC
2025-06-01,2628.1889581463465,15142.567975544043,SC
2025-06-08,1826.2134196084562,11784.080867285946,SC
2025-06-15,1700.160137615735,9339.242634145023,SC
2025-06-22,1552.5424860837286,7441.5827638408355,SC
2025-06-29,669.2534459424012,5125.986355383507,SC
2025-07-06,328.1274564311504,3903.6744501675275,SC
2025-07-13,269.5724721566535,3177.7270304074414,SC
2025-07-20,244.48870891510938,2741.887374797399,SC
2025-07-27,203.94646032974438,2574.520028354348,SC
2025-08-03,166.81123785762117,1946.4320684796255,SC
2025-08-10,158.291381040212,1919.5399641467711,SC
2025-08-17,169.67025226768436,1894.3507778986962,SC
2025-08-24,177.13725412695158,1962.6149755755898,SC
2025-08-31,137.5139479390823,1649.295004681289,SC
2025-09-07,141.27301800531285,1817.0747880192314,SC
2025-09-14,168.96466432032952,1890.73271784462,SC
2025-09-21,168.86783419994612,1917.1429190365677,SC
2025-09-28,140.85575531409972,1567.3691858860204,SC
